company,infocode,marketdate,bid,ask,close
Metcash,258,2019-11-21,2.9700003,3.0500002,3.04
Metcash,258,2019-11-22,2.8199997,2.8500004,2.83
Metcash,258,2019-11-25,2.8100005,2.8599997,2.8500004
Metcash,258,2019-11-26,2.8599997,2.9799996,2.9300004
Metcash,258,2019-11-27,3.0500002,3.1000004,3.0600005
Metcash,258,2019-11-28,2.8999997,3.0699997,3.0500002
Metcash,258,2019-11-29,2.9799996,3.0299998,3
Metcash,258,2019-12-02,2.9200001,2.9899998,2.9499999
Metcash,258,2019-12-03,2.8999997,2.9899998,2.9099999
Metcash,258,2019-12-04,2.7600003,2.8400002,2.7700005
Metcash,258,2019-12-05,2.7399998,2.8100005,2.7600003
Metcash,258,2019-12-06,2.7399998,2.79,2.7700005
Metcash,258,2019-12-09,2.6999999,2.7799998,2.7399998
Metcash,258,2019-12-10,2.6199999,2.6400004,2.6300002
Metcash,258,2019-12-11,2.6300002,2.6800004,2.6400004
Metcash,258,2019-12-12,2.6300002,2.6700001,2.6499997
Metcash,258,2019-12-13,2.6300002,2.6800004,2.6499997
Metcash,258,2019-12-16,2.6800004,2.7200003,2.6899996
Metcash,258,2019-12-17,2.6700001,2.7200003,2.7100001
Metcash,258,2019-12-18,2.6499997,2.6999999,2.6700001
Metcash,258,2019-12-19,2.6199999,2.6499997,2.6400004
Metcash,258,2019-12-20,2.6000004,2.6400004,2.6000004
Metcash,258,2019-12-23,2.5900002,2.6400004,2.6000004
Metcash,258,2019-12-24,2.6099997,2.6400004,2.6300002
Metcash,258,2019-12-27,2.6000004,2.6499997,2.6300002
Metcash,258,2019-12-30,2.6000004,2.6499997,2.6499997
Metcash,258,2019-12-31,2.5600005,2.6300002,2.5699997
Metcash,258,2020-01-02,2.5299998,2.58,2.5500002
Metcash,258,2020-01-03,2.5600005,2.6300002,2.5699997
Metcash,258,2020-01-06,2.5100003,2.54,2.5100003
Metcash,258,2020-01-07,2.58,2.6000004,2.5900002
Metcash,258,2020-01-08,2.5299998,2.5600005,2.54
Metcash,258,2020-01-09,2.5299998,2.5699997,2.5500002
Metcash,258,2020-01-10,2.5,2.5299998,2.5200005
Metcash,258,2020-01-13,2.54,2.6000004,2.5900002
Metcash,258,2020-01-14,2.6000004,2.6499997,2.6199999
Metcash,258,2020-01-15,2.58,2.6099997,2.5900002
Metcash,258,2020-01-16,2.6099997,2.6300002,2.6199999
Metcash,258,2020-01-17,2.5900002,2.6400004,2.6000004
Metcash,258,2020-01-20,2.6499997,2.6599999,2.6499997
Metcash,258,2020-01-21,2.6400004,2.6700001,2.6499997
Metcash,258,2020-01-22,2.6300002,2.6800004,2.6499997
Metcash,258,2020-01-23,2.6300002,2.6800004,2.6499997
Metcash,258,2020-01-24,2.6400004,2.6800004,2.6499997
Metcash,258,2020-01-28,2.6099997,2.6499997,2.6099997
Metcash,258,2020-01-29,2.6400004,2.6700001,2.6400004
Metcash,258,2020-01-30,2.5500002,2.5900002,2.5600005
Metcash,258,2020-01-31,2.5699997,2.6199999,2.6199999
Metcash,258,2020-02-03,2.5600005,2.5900002,2.5699997
Metcash,258,2020-02-04,2.5900002,2.6199999,2.6199999
Metcash,258,2020-02-05,2.6099997,2.6400004,2.6199999
Metcash,258,2020-02-06,2.6000004,2.6499997,2.6400004
Metcash,258,2020-02-07,2.6000004,2.6400004,2.6199999
Metcash,258,2020-02-10,2.6199999,2.6599999,2.6599999
Metcash,258,2020-02-11,2.6899996,2.7200003,2.6999999
Metcash,258,2020-02-12,2.6999999,2.7299996,2.7200003
Metcash,258,2020-02-13,2.75,2.8000002,2.7799998
Metcash,258,2020-02-14,2.7399998,2.79,2.75
Metcash,258,2020-02-17,2.6999999,2.7700005,2.75
Metcash,258,2020-02-18,2.6999999,2.79,2.7600003
Metcash,258,2020-02-19,2.75,2.79,2.7799998
Metcash,258,2020-02-20,2.7799998,2.83,2.8199997
Metcash,258,2020-02-21,2.7799998,2.83,2.8199997
Metcash,258,2020-02-24,2.75,2.8199997,2.7799998
Metcash,258,2020-02-25,2.6999999,2.7600003,2.7100001
Metcash,258,2020-02-26,2.6000004,2.6300002,2.6199999
Metcash,258,2020-02-27,2.5500002,2.58,2.5600005
Metcash,258,2020-02-28,2.4700003,2.54,2.4700003
Metcash,258,2020-03-02,2.4099999,2.4899998,2.4700003
Metcash,258,2020-03-03,2.5299998,2.6400004,2.6000004
Metcash,258,2020-03-04,2.5200005,2.6800004,2.6700001
Metcash,258,2020-03-05,2.6899996,2.7799998,2.7700005
Metcash,258,2020-03-06,2.6099997,2.75,2.6400004
Metcash,258,2020-03-09,2.4300004,2.7100001,2.5
Metcash,258,2020-03-10,2.5299998,2.5900002,2.58
Metcash,258,2020-03-11,2.5100003,2.5900002,2.54
Metcash,258,2020-03-12,2.3000002,2.3800002,2.3500004
Metcash,258,2020-03-13,2.25,2.4499999,2.4300004
Metcash,258,2020-03-16,2.3999997,2.5100003,2.4099999
Metcash,258,2020-03-17,2.8999997,3.0699997,3.0600005
Metcash,258,2020-03-18,3.0600005,3.1999999,3.1300002
Metcash,258,2020-03-19,3.25,3.2600003,3.25
Metcash,258,2020-03-20,3.1000004,3.1999999,3.1999999
Metcash,258,2020-03-23,3.1999999,3.29,3.29
Metcash,258,2020-03-24,3.1099997,3.2200003,3.2200003
Metcash,258,2020-03-25,3.2700005,3.3699999,3.3100005
Metcash,258,2020-03-26,3.1599999,3.2100001,3.1700001
Metcash,258,2020-03-27,3.08,3.1099997,3.1099997
Metcash,258,2020-03-30,3.1499997,3.2799998,3.2700005
Metcash,258,2020-03-31,3.1099997,3.1599999,3.1499997
Metcash,258,2020-04-01,3.1499997,3.1700001,3.1599999
Metcash,258,2020-04-02,3.0100003,3.0500002,3.0100003
Metcash,258,2020-04-03,2.8100005,3.0100003,2.8599997
Metcash,258,2020-04-06,2.9399996,3,2.9700003
Metcash,258,2020-04-07,2.75,2.83,2.83
Metcash,258,2020-04-08,2.7799998,2.8500004,2.8000002
Metcash,258,2020-04-09,2.8000002,2.8199997,2.8100005
Metcash,258,2020-04-14,2.8999997,2.9300004,2.9200001
Metcash,258,2020-04-15,2.9099999,2.9799996,2.9499999
Metcash,258,2020-04-16,2.9499999,3.0600005,3.04
Metcash,258,2020-04-17,3,3.1000004,3.04
Metcash,258,2020-04-20,3.1199999,3.0299998,
Metcash,258,2020-04-21,2.6300002,2.6400004,2.6300002
Metcash,258,2020-04-22,2.5299998,2.5500002,2.54
Metcash,258,2020-04-23,2.4799996,2.5,2.4899998
Metcash,258,2020-04-24,2.5100003,2.5200005,2.5200005
Metcash,258,2020-04-27,2.5299998,2.5600005,2.5500002
Metcash,258,2020-04-28,2.4799996,2.5500002,2.4799996
Metcash,258,2020-04-29,2.4499999,2.4899998,2.4600001
Metcash,258,2020-04-30,2.4600001,2.4899998,2.4899998
Metcash,258,2020-05-01,2.4399996,2.4899998,2.4399996
Metcash,258,2020-05-04,2.4499999,2.4799996,2.4700003
Metcash,258,2020-05-05,2.4399996,2.4700003,2.4399996
Metcash,258,2020-05-06,2.3699999,2.4099999,2.3699999
Metcash,258,2020-05-07,2.33,2.3400002,2.3400002
Metcash,258,2020-05-08,2.3199997,2.3599997,2.3199997
Metcash,258,2020-05-11,2.29,2.3100005,2.29
Metcash,258,2020-05-12,2.3000002,2.3199997,2.3199997
Metcash,258,2020-05-13,2.3599997,2.3800002,2.3699999
Metcash,258,2020-05-14,2.3400002,2.3800002,2.3500004
Metcash,258,2020-05-15,2.3699999,2.4200001,2.4200001
Metcash,258,2020-05-18,2.4399996,2.4700003,2.4600001
Metcash,258,2020-05-19,2.4499999,2.5,2.4899998
Metcash,258,2020-05-20,2.4700003,2.5,2.4799996
Metcash,258,2020-05-21,2.4600001,2.4899998,2.4899998
Metcash,258,2020-05-22,2.5,2.5600005,2.5100003
Metcash,258,2020-05-25,2.5699997,2.58,2.58
Metcash,258,2020-05-26,2.6099997,2.6499997,2.6400004
Metcash,258,2020-05-27,2.6499997,2.6800004,2.6599999
Metcash,258,2020-05-28,2.6800004,2.7100001,2.6999999
Metcash,258,2020-05-29,2.6700001,2.7100001,2.6999999
Metcash,258,2020-06-01,2.6700001,2.6999999,2.6899996
Metcash,258,2020-06-02,2.6700001,2.6999999,2.6999999
Metcash,258,2020-06-03,2.6999999,2.7600003,2.75
Metcash,258,2020-06-04,2.7200003,2.75,2.7299996
Metcash,258,2020-06-05,2.7299996,2.7700005,2.75
Metcash,258,2020-06-09,2.8000002,2.8500004,2.83
Metcash,258,2020-06-10,2.8000002,2.8699999,2.8400002
Metcash,258,2020-06-11,2.8800002,2.9099999,2.8900004
Metcash,258,2020-06-12,2.7600003,2.79,2.7600003
Metcash,258,2020-06-15,2.6800004,2.7399998,2.6800004
Metcash,258,2020-06-16,2.75,2.8100005,2.79
Metcash,258,2020-06-17,2.8500004,2.8999997,2.8800002
Metcash,258,2020-06-18,2.8199997,2.8699999,2.8500004
Metcash,258,2020-06-19,2.8000002,2.8900004,2.83
Metcash,258,2020-06-22,2.83,2.8999997,2.8599997
Metcash,258,2020-06-23,2.8599997,2.8699999,2.8699999
Metcash,258,2020-06-24,2.7600003,2.8000002,2.79
Metcash,258,2020-06-25,2.7299996,2.8000002,2.7399998
Metcash,258,2020-06-26,2.7399998,2.75,2.75
Metcash,258,2020-06-29,2.6800004,2.7299996,2.6999999
Metcash,258,2020-06-30,2.7200003,2.7399998,2.7200003
Metcash,258,2020-07-01,2.79,2.8100005,2.8000002
Metcash,258,2020-07-02,2.8199997,2.8400002,2.83
Metcash,258,2020-07-03,2.8000002,2.8100005,2.8100005
Metcash,258,2020-07-06,2.7600003,2.8000002,2.7700005
Metcash,258,2020-07-07,2.6999999,2.7399998,2.7200003
Metcash,258,2020-07-08,2.7299996,2.8000002,2.7799998
Metcash,258,2020-07-09,2.7299996,2.7799998,2.7399998
Metcash,258,2020-07-10,2.7100001,2.7700005,2.7399998
Metcash,258,2020-07-13,2.75,2.7799998,2.7700005
Metcash,258,2020-07-14,2.75,2.7799998,2.7700005
Metcash,258,2020-07-15,2.7799998,2.8100005,2.8100005
Metcash,258,2020-07-16,2.8100005,2.8500004,2.8400002
Metcash,258,2020-07-17,2.7600003,2.79,2.7700005
Metcash,258,2020-07-20,2.7299996,2.7700005,2.7299996
Metcash,258,2020-07-21,2.7200003,2.75,2.7399998
Metcash,258,2020-07-22,2.7399998,2.7799998,2.75
Metcash,258,2020-07-23,2.7200003,2.7299996,2.7299996
Metcash,258,2020-07-24,2.7200003,2.7600003,2.75
Metcash,258,2020-07-27,2.75,2.7700005,2.75
Metcash,258,2020-07-28,2.7600003,2.79,2.7700005
Metcash,258,2020-07-29,2.8000002,2.8400002,2.8199997
Metcash,258,2020-07-30,2.7799998,2.8100005,2.79
Metcash,258,2020-07-31,2.6899996,2.7399998,2.7100001
Metcash,258,2020-08-03,2.75,2.8000002,2.7700005
Metcash,258,2020-08-04,2.8199997,2.8800002,2.8500004
Metcash,258,2020-08-05,2.7700005,2.8199997,2.8000002
Metcash,258,2020-08-06,2.7700005,2.8500004,2.8199997
Metcash,258,2020-08-07,2.8100005,2.8699999,2.8400002
Metcash,258,2020-08-10,2.8500004,2.9200001,2.9099999
Metcash,258,2020-08-11,2.9499999,2.9700003,2.9600001
Metcash,258,2020-08-12,2.9300004,2.9799996,2.9700003
Metcash,258,2020-08-13,2.9799996,3.04,2.9899998
Metcash,258,2020-08-14,2.9499999,3.0600005,3.04
Metcash,258,2020-08-17,2.9700003,3.04,3
Metcash,258,2020-08-18,2.9200001,3,2.9600001
Metcash,258,2020-08-19,2.9300004,3,2.9600001
Metcash,258,2020-08-20,2.9399996,3.0100003,2.9499999
Metcash,258,2020-08-21,2.9200001,3,2.9499999
Metcash,258,2020-08-24,2.9499999,2.9899998,2.9600001
Metcash,258,2020-08-25,2.8999997,2.9499999,2.9200001
Metcash,258,2020-08-26,2.9300004,3.0100003,2.9899998
Metcash,258,2020-08-27,2.9700003,3.0100003,3
Metcash,258,2020-08-28,2.9399996,2.9899998,2.9600001
Metcash,258,2020-08-31,2.9099999,2.9799996,2.9200001
Metcash,258,2020-09-01,2.8400002,2.9099999,2.8500004
Metcash,258,2020-09-02,2.9399996,2.9600001,2.9399996
Metcash,258,2020-09-03,2.9399996,3,2.9799996
Metcash,258,2020-09-04,2.8999997,2.9899998,2.9300004
Metcash,258,2020-09-07,2.8999997,2.9399996,2.9399996
Metcash,258,2020-09-08,2.9099999,2.9300004,2.9200001
Metcash,258,2020-09-09,2.8400002,2.8800002,2.8599997
Metcash,258,2020-09-10,2.8599997,2.9099999,2.8999997
Metcash,258,2020-09-11,2.8500004,2.8900004,2.8699999
Metcash,258,2020-09-14,2.8500004,2.8999997,2.8800002
Metcash,258,2020-09-15,2.79,2.83,2.8100005
Metcash,258,2020-09-16,2.8500004,2.8800002,2.8599997
Metcash,258,2020-09-17,2.83,2.8800002,2.8500004
Metcash,258,2020-09-18,2.8100005,2.8699999,2.8500004
Metcash,258,2020-09-21,2.83,2.8800002,2.8599997
Metcash,258,2020-09-22,2.8599997,2.9399996,2.8800002
Metcash,258,2020-09-23,2.9399996,2.9799996,2.9700003
Metcash,258,2020-09-24,2.8999997,2.9499999,2.9300004
Metcash,258,2020-09-25,2.8500004,2.8800002,2.8699999
Metcash,258,2020-09-28,2.8500004,2.8699999,2.8500004
Metcash,258,2020-09-29,2.8000002,2.8400002,2.8000002
Metcash,258,2020-09-30,2.7600003,2.8000002,2.7600003
Metcash,258,2020-10-01,2.7399998,2.8000002,2.7600003
Metcash,258,2020-10-02,2.6899996,2.7299996,2.7100001
Metcash,258,2020-10-05,2.75,2.7700005,2.7700005
Metcash,258,2020-10-06,2.75,2.79,2.7700005
Metcash,258,2020-10-07,2.8000002,2.8699999,2.8599997
Metcash,258,2020-10-08,2.8500004,2.8800002,2.8699999
Metcash,258,2020-10-09,2.8500004,2.9200001,2.8999997
Metcash,258,2020-10-12,2.8800002,2.9200001,2.8999997
Metcash,258,2020-10-13,2.9499999,2.9899998,2.9700003
Metcash,258,2020-10-14,2.9799996,3.0299998,3
Metcash,258,2020-10-15,3,3.04,3.0200005
Metcash,258,2020-10-16,3.0200005,3.04,3.04
Metcash,258,2020-10-19,3.0500002,3.08,3.0600005
Metcash,258,2020-10-20,3.0500002,3.08,3.0500002
Metcash,258,2020-10-21,3.0200005,3.1000004,3.08
Metcash,258,2020-10-22,3.08,3.1199999,3.1000004
Metcash,258,2020-10-23,3.1000004,3.1199999,3.1199999
Metcash,258,2020-10-26,3.1000004,3.1400004,3.1199999
Metcash,258,2020-10-27,3.0500002,3.0900002,3.0600005
Metcash,258,2020-10-28,3.0600005,3.1000004,3.0900002
Metcash,258,2020-10-29,3,3.08,3
Metcash,258,2020-10-30,2.9099999,3.0500002,2.9499999
Metcash,258,2020-11-02,2.8999997,2.9399996,2.9300004
Metcash,258,2020-11-03,3,3.0500002,3.0299998
Metcash,258,2020-11-04,2.9499999,3.0500002,3
Metcash,258,2020-11-05,3.0100003,3.0900002,3.0699997
Metcash,258,2020-11-06,3.0600005,3.1099997,3.08
Metcash,258,2020-11-09,3.1300002,3.1800004,3.1700001
Metcash,258,2020-11-10,2.9300004,2.9899998,2.9499999
Metcash,258,2020-11-11,2.9300004,2.9700003,2.9399996
Metcash,258,2020-11-12,2.9600001,2.9899998,2.9799996
Metcash,258,2020-11-13,2.9600001,3.0500002,2.9899998
Metcash,258,2020-11-16,3,3.0500002,3.0100003
Metcash,258,2020-11-17,3,3.0200005,3.0100003
Metcash,258,2020-11-18,3.08,3.1099997,3.0900002
Metcash,258,2020-11-19,3.0100003,3.0600005,3.04
Metcash,258,2020-11-20,3.0299998,3.1000004,3.0500002
Metcash,258,2020-11-23,3.0299998,3.1000004,3.0600005
Metcash,258,2020-11-24,3.08,3.0900002,3.08
Metcash,258,2020-11-25,3.0100003,3.0500002,3.0200005
Metcash,258,2020-11-26,2.9799996,3.0200005,3
Metcash,258,2020-11-27,2.9899998,3.0500002,3.04
Metcash,258,2020-11-30,2.9499999,3.0100003,2.9499999
Metcash,258,2020-12-01,2.9799996,3.0200005,2.9799996
Metcash,258,2020-12-02,3,3.0299998,3.0200005
Metcash,258,2020-12-03,3.08,3.1400004,3.1000004
Metcash,258,2020-12-04,3.1899996,3.25,3.2200003
Metcash,258,2020-12-07,3.5500002,3.6000004,3.5500002
Metcash,258,2020-12-08,3.4399996,3.5,3.4600001
Metcash,258,2020-12-09,3.4200001,3.4700003,3.4600001
Metcash,258,2020-12-10,3.4200001,3.4799996,3.4399996
Metcash,258,2020-12-11,3.4499999,3.5,3.4600001
Metcash,258,2020-12-14,3.5299998,3.58,3.54
Metcash,258,2020-12-15,3.5,3.5900002,3.5299998
Metcash,258,2020-12-16,3.5200005,3.5699997,3.5299998
Metcash,258,2020-12-17,3.54,3.6000004,3.5500002
Metcash,258,2020-12-18,3.5600005,3.5900002,3.5699997
Metcash,258,2020-12-21,3.5600005,3.5900002,3.58
Metcash,258,2020-12-22,3.4600001,3.5100003,3.5
Metcash,258,2020-12-23,3.4099999,3.4799996,3.4499999
Metcash,258,2020-12-24,3.4099999,3.4700003,3.4300004
Metcash,258,2020-12-29,3.4099999,3.4600001,3.4399996
Metcash,258,2020-12-30,3.4399996,3.4600001,3.4399996
Metcash,258,2020-12-31,3.3800002,3.4300004,3.3800002
Metcash,258,2021-01-04,3.4200001,3.4600001,3.4399996
Metcash,258,2021-01-05,3.3800002,3.4200001,3.4200001
Metcash,258,2021-01-06,3.3900004,3.4200001,3.4099999
Metcash,258,2021-01-07,3.4099999,3.4700003,3.4499999
Metcash,258,2021-01-08,3.4200001,3.4700003,3.4700003
Metcash,258,2021-01-11,3.4099999,3.4399996,3.4300004
Metcash,258,2021-01-12,3.4200001,3.4600001,3.4300004
Metcash,258,2021-01-13,3.3800002,3.3999997,3.3800002
Metcash,258,2021-01-14,3.33,3.3699999,3.3500004
Metcash,258,2021-01-15,3.3599997,3.4200001,3.3699999
Metcash,258,2021-01-18,3.3400002,3.4200001,3.3500004
Metcash,258,2021-01-19,3.3400002,3.3999997,3.3500004
Metcash,258,2021-01-20,3.3400002,3.3800002,3.3699999
Metcash,258,2021-01-21,3.4600001,3.5100003,3.4899998
Metcash,258,2021-01-22,3.4499999,3.4899998,3.4700003
Metcash,258,2021-01-25,3.4799996,3.5,3.4899998
Metcash,258,2021-01-27,3.4200001,3.5,3.4700003
Metcash,258,2021-01-28,3.3900004,3.4300004,3.4099999
Metcash,258,2021-01-29,3.3900004,3.4600001,3.4200001
Metcash,258,2021-02-01,3.3999997,3.4700003,3.4200001
Metcash,258,2021-02-02,3.3800002,3.4300004,3.3900004
Metcash,258,2021-02-03,3.3999997,3.4499999,3.4399996
Metcash,258,2021-02-04,3.4099999,3.4799996,3.4200001
Metcash,258,2021-02-05,3.4300004,3.4799996,3.4600001
Metcash,258,2021-02-08,3.5100003,3.58,3.5500002
Metcash,258,2021-02-09,3.5,3.5500002,3.5200005
Metcash,258,2021-02-10,3.4499999,3.5500002,3.54
Metcash,258,2021-02-11,3.5100003,3.6000004,3.5600005
Metcash,258,2021-02-12,3.5,3.5699997,3.5200005
Metcash,258,2021-02-15,3.5,3.5699997,3.5600005
Metcash,258,2021-02-16,3.5,3.5299998,3.5200005
Metcash,258,2021-02-17,3.3999997,3.4499999,3.4099999
Metcash,258,2021-02-18,3.3699999,3.3999997,3.3900004
Metcash,258,2021-02-19,3.33,3.3999997,3.3599997
Metcash,258,2021-02-22,3.3199997,3.3900004,3.33
Metcash,258,2021-02-23,3.29,3.3400002,3.3400002
Metcash,258,2021-02-24,3.33,3.4200001,3.3500004
Metcash,258,2021-02-25,3.3800002,3.5,3.4499999
Metcash,258,2021-02-26,3.33,3.3999997,3.3699999
Metcash,258,2021-03-01,3.3400002,3.4300004,3.3800002
Metcash,258,2021-03-02,3.3699999,3.4300004,3.4099999
Metcash,258,2021-03-03,3.3800002,3.4799996,3.4399996
Metcash,258,2021-03-04,3.3800002,3.4700003,3.4300004
Metcash,258,2021-03-05,3.3999997,3.5699997,3.5600005
Metcash,258,2021-03-08,3.4600001,3.58,3.5500002
Metcash,258,2021-03-09,3.5900002,3.6599999,3.6099997
Metcash,258,2021-03-10,3.4499999,3.6599999,3.5900002
Metcash,258,2021-03-11,3.58,3.6300002,3.6000004
Metcash,258,2021-03-12,3.5500002,3.5600005,3.5600005
Metcash,258,2021-03-15,3.5299998,3.5600005,3.5299998
Metcash,258,2021-03-16,3.3900004,3.4200001,3.3900004
Metcash,258,2021-03-17,3.3800002,3.4200001,3.3900004
Metcash,258,2021-03-18,3.3699999,3.4099999,3.4099999
Metcash,258,2021-03-19,3.3999997,3.4799996,3.4700003
Metcash,258,2021-03-22,3.4600001,3.5,3.4899998
Metcash,258,2021-03-23,3.5,3.5500002,3.5500002
Metcash,258,2021-03-24,3.5600005,3.6199999,3.58
Metcash,258,2021-03-25,3.6199999,3.6499997,3.6400004
Metcash,258,2021-03-26,3.6800004,3.6999999,3.6999999
Metcash,258,2021-03-29,3.6000004,3.7700005,3.6800004
Metcash,258,2021-03-30,3.6000004,3.6700001,3.6599999
Metcash,258,2021-03-31,3.6300002,3.75,3.6800004
Metcash,258,2021-04-01,3.7200003,3.7700005,3.7399998
Metcash,258,2021-04-06,3.6899996,3.7200003,3.7100001
Metcash,258,2021-04-07,3.6800004,3.79,3.7399998
Metcash,258,2021-04-08,3.6999999,3.8100005,3.79
Metcash,258,2021-04-09,3.6599999,3.6700001,3.6700001
Metcash,258,2021-04-12,3.6700001,3.7100001,3.7100001
Metcash,258,2021-04-13,3.6700001,3.7200003,3.7100001
Metcash,258,2021-04-14,3.7299996,3.79,3.7799998
Metcash,258,2021-04-15,3.7600003,3.8500004,3.83
Metcash,258,2021-04-16,3.8000002,3.8699999,3.8100005
Metcash,258,2021-04-19,3.8100005,3.8599997,3.8100005
Metcash,258,2021-04-20,3.7600003,3.8599997,3.7600003
Metcash,258,2021-04-21,3.7200003,3.8000002,3.7600003
Metcash,258,2021-04-22,3.8100005,3.8500004,3.8400002
Metcash,258,2021-04-23,3.8100005,3.8400002,3.83
Metcash,258,2021-04-26,3.8100005,3.8400002,3.8100005
Metcash,258,2021-04-27,3.7600003,3.83,3.7799998
Metcash,258,2021-04-28,3.7299996,3.7799998,3.75
Metcash,258,2021-04-29,3.6099997,3.6599999,3.6400004
Metcash,258,2021-04-30,3.54,3.6000004,3.5500002
Metcash,258,2021-05-03,3.5200005,3.6000004,3.5299998
Metcash,258,2021-05-04,3.4099999,3.5299998,3.4600001
Metcash,258,2021-05-05,3.4899998,3.5299998,3.5
Metcash,258,2021-05-06,3.4300004,3.4799996,3.4499999
Metcash,258,2021-05-07,3.4200001,3.4899998,3.4600001
Metcash,258,2021-05-10,3.4499999,3.5,3.4499999
Metcash,258,2021-05-11,3.4200001,3.4700003,3.4499999
Metcash,258,2021-05-12,3.3800002,3.5,3.4600001
Metcash,258,2021-05-13,3.4200001,3.4799996,3.4700003
Metcash,258,2021-05-14,3.4600001,3.5500002,3.5
Metcash,258,2021-05-17,3.4600001,3.54,3.4899998
Metcash,258,2021-05-18,3.4600001,3.5600005,3.5200005
Metcash,258,2021-05-19,3.4499999,3.5699997,3.4899998
Metcash,258,2021-05-20,3.4700003,3.5,3.4799996
Metcash,258,2021-05-21,3.4200001,3.4899998,3.4499999
Metcash,258,2021-05-24,3.4499999,3.4899998,3.4700003
Metcash,258,2021-05-25,3.5,3.5600005,3.54
Metcash,258,2021-05-26,3.5500002,3.58,3.5600005
Metcash,258,2021-05-27,3.5200005,3.5900002,3.5699997
Metcash,258,2021-05-28,3.5,3.58,3.5200005
Metcash,258,2021-05-31,3.5,3.5699997,3.54
Metcash,258,2021-06-01,3.5100003,3.5600005,3.5299998
Metcash,258,2021-06-02,3.5,3.58,3.5699997
Metcash,258,2021-06-03,3.5500002,3.5900002,3.5699997
Metcash,258,2021-06-04,3.58,3.6099997,3.6000004
Metcash,258,2021-06-07,3.6300002,3.6999999,3.6400004
Metcash,258,2021-06-08,3.5600005,3.5900002,3.5699997
Metcash,258,2021-06-09,3.5200005,3.5500002,3.54
Metcash,258,2021-06-10,3.5200005,3.5600005,3.5299998
Metcash,258,2021-06-11,3.5299998,3.5699997,3.5500002
Metcash,258,2021-06-15,3.58,3.6300002,3.6099997
Metcash,258,2021-06-16,3.6000004,3.6800004,3.6400004
Metcash,258,2021-06-17,3.5200005,3.5500002,3.5200005
Metcash,258,2021-06-18,3.5,3.54,3.5299998
Metcash,258,2021-06-21,3.54,3.6000004,3.6000004
Metcash,258,2021-06-22,3.6400004,3.6899996,3.6800004
Metcash,258,2021-06-23,3.6199999,3.6599999,3.6499997
Metcash,258,2021-06-24,3.6000004,3.6599999,3.6499997
Metcash,258,2021-06-25,3.6400004,3.6999999,3.6599999
Metcash,258,2021-06-28,3.6800004,3.7100001,3.6899996
Metcash,258,2021-06-29,3.8900004,3.9099999,3.8999997
Metcash,258,2021-06-30,3.9700003,4.0200005,3.9899998
Metcash,258,2021-07-01,3.8000002,3.8699999,3.8100005
Metcash,258,2021-07-02,3.83,3.8699999,3.8500004
Metcash,258,2021-07-05,3.8500004,3.8999997,3.8599997
Metcash,258,2021-07-06,3.79,3.8400002,3.8000002
Metcash,258,2021-07-07,3.8500004,3.8999997,3.8900004
Metcash,258,2021-07-08,3.8500004,3.9499999,3.8999997
Metcash,258,2021-07-09,3.8500004,3.9499999,3.8999997
Metcash,258,2021-07-12,3.8599997,3.8999997,3.8699999
Metcash,258,2021-07-13,3.8800002,3.9499999,3.8900004
Metcash,258,2021-07-14,3.8900004,3.9600001,3.9200001
Metcash,258,2021-07-15,3.8900004,3.9799996,3.9700003
Metcash,258,2021-07-16,3.8699999,3.9099999,3.8999997
Metcash,258,2021-07-19,3.8999997,3.9399996,3.9200001
Metcash,258,2021-07-20,3.9200001,3.9499999,3.9399996
Metcash,258,2021-07-21,4,4.0299998,4.0200005
Metcash,258,2021-07-22,3.9399996,3.9899998,3.9799996
Metcash,258,2021-07-23,3.9899998,4.0299998,4.0100003
Metcash,258,2021-07-26,4,4.0900002,4.04
Metcash,258,2021-07-27,4.0500002,4.08,4.08
Metcash,258,2021-07-28,4.0500002,4.1000004,4.0600005
Metcash,258,2021-07-29,4.0500002,4.1000004,4.0699997
Metcash,258,2021-07-30,3.9799996,4.0600005,4.0100003
Metcash,258,2021-08-02,4.0100003,4.0500002,4.0299998
Metcash,258,2021-08-03,4.0699997,4.1199999,4.0900002
Metcash,258,2021-08-04,4.08,4.1400004,4.1199999
Metcash,258,2021-08-05,4.0900002,4.1999999,4.1499997
Metcash,258,2021-08-06,4.1099997,4.1599999,4.1599999
Metcash,258,2021-08-09,4.1199999,4.1499997,4.1499997
Metcash,258,2021-08-10,4.08,4.1300002,4.1000004
Metcash,258,2021-08-11,4.0699997,4.1700001,4.1000004
Metcash,258,2021-08-12,4,4.0500002,4.0299998
Metcash,258,2021-08-13,4.0600005,4.1400004,4.0900002
Metcash,258,2021-08-16,4.1300002,4.1899996,4.1800004
Metcash,258,2021-08-17,4.1400004,4.2399998,4.1899996
Metcash,258,2021-08-18,4.1499997,4.2799998,4.2299996
Metcash,258,2021-08-19,4.1400004,4.1800004,4.1499997
Metcash,258,2021-08-20,4.1400004,4.1800004,4.1599999
Metcash,258,2021-08-23,4.1199999,4.1599999,4.1599999
Metcash,258,2021-08-24,4,4.1000004,4.08
Metcash,258,2021-08-25,4,4.0500002,4.04
Metcash,258,2021-08-26,4.0600005,4.0900002,4.0699997
Metcash,258,2021-08-27,3.9099999,3.9499999,3.9499999
Metcash,258,2021-08-30,4.0299998,4.0600005,4.0500002
Metcash,258,2021-08-31,4.0500002,4.1000004,4.08
Metcash,258,2021-09-01,3.9499999,4.04,3.9799996
Metcash,258,2021-09-02,3.9899998,4.04,4.0100003
Metcash,258,2021-09-03,4.0299998,4.08,4.04
Metcash,258,2021-09-06,4,4.0500002,4.04
Metcash,258,2021-09-07,4.0100003,4.0600005,4.0299998
Metcash,258,2021-09-08,4.0100003,4.0600005,4.0200005
Metcash,258,2021-09-09,3.9899998,4.04,4
Metcash,258,2021-09-10,4,4.04,4.0299998
Metcash,258,2021-09-13,4.0100003,4.0500002,4.0299998
Metcash,258,2021-09-14,3.9300004,3.9700003,3.9600001
Metcash,258,2021-09-15,3.8800002,3.9099999,3.9099999
Metcash,258,2021-09-16,3.8999997,3.9600001,3.9399996
Metcash,258,2021-09-17,3.8699999,3.9499999,3.9099999
Metcash,258,2021-09-20,3.8500004,3.9200001,3.8599997
Metcash,258,2021-09-21,3.8900004,3.9499999,3.8999997
Metcash,258,2021-09-22,3.8999997,3.9499999,3.9099999
Metcash,258,2021-09-23,3.9200001,3.9799996,3.9499999
Metcash,258,2021-09-24,3.9200001,3.9499999,3.9399996
Metcash,258,2021-09-27,3.9099999,3.9799996,3.9200001
Metcash,258,2021-09-28,3.8000002,3.8400002,3.8199997
Metcash,258,2021-09-29,3.8199997,3.8699999,3.8500004
Metcash,258,2021-09-30,3.8999997,3.9700003,3.9300004
Metcash,258,2021-10-01,3.9099999,3.9700003,3.9499999
Metcash,258,2021-10-04,4,4.04,4.0200005
Metcash,258,2021-10-05,3.9600001,4,3.9600001
Metcash,258,2021-10-06,3.9399996,4,3.9600001
Metcash,258,2021-10-07,3.9799996,4.0500002,4.0299998
Metcash,258,2021-10-08,3.9600001,4.0200005,4
Metcash,258,2021-10-11,3.9899998,4.0200005,4
Metcash,258,2021-10-12,3.9600001,4.0200005,3.9899998
Metcash,258,2021-10-13,4.0500002,4.0900002,4.0699997
Metcash,258,2021-10-14,4.1099997,4.1499997,4.1300002
Metcash,258,2021-10-15,4.1099997,4.1599999,4.1199999
Metcash,258,2021-10-18,4.08,4.1400004,4.1099997
Metcash,258,2021-10-19,4.0600005,4.1499997,4.0900002
Metcash,258,2021-10-20,4.1000004,4.1800004,4.1400004
Metcash,258,2021-10-21,4.1199999,4.1800004,4.1400004
Metcash,258,2021-10-22,4.1700001,4.2299996,4.2200003
Metcash,258,2021-10-25,4.1999999,4.2799998,4.25
Metcash,258,2021-10-26,4.1700001,4.2600003,4.2200003
Metcash,258,2021-10-27,4.1700001,4.2299996,4.2200003
Metcash,258,2021-10-28,4.1400004,4.1700001,4.1599999
Metcash,258,2021-10-29,4.0699997,4.0900002,4.0699997
Metcash,258,2021-11-01,4.0900002,4.1300002,4.1099997
Metcash,258,2021-11-02,4.1199999,4.1700001,4.1400004
Metcash,258,2021-11-03,4.1499997,4.1899996,4.1599999
Metcash,258,2021-11-04,4.1300002,4.1800004,4.1800004
Metcash,258,2021-11-05,4.1400004,4.2200003,4.1700001
Metcash,258,2021-11-08,4.1400004,4.1800004,4.1599999
Metcash,258,2021-11-09,4.1000004,4.2200003,4.1099997
Metcash,258,2021-11-10,4.08,4.1999999,4.1099997
Metcash,258,2021-11-11,4.08,4.1300002,4.1199999
Metcash,258,2021-11-12,4.1000004,4.1999999,4.1599999
Metcash,258,2021-11-15,4.1000004,4.1800004,4.1700001
Metcash,258,2021-11-16,4.1000004,4.1400004,4.1000004
Metcash,258,2021-11-17,4.0900002,4.1199999,4.1199999
Metcash,258,2021-11-18,4.1199999,4.1599999,4.1300002
Metcash,258,2021-11-19,4.1199999,4.1499997,4.1400004
Metcash,258,2021-11-22,4.1000004,4.1499997,4.1300002
Metcash,258,2021-11-23,4.1400004,4.1599999,4.1499997
Metcash,258,2021-11-24,4.1099997,4.1400004,4.1199999
Metcash,258,2021-11-25,4.08,4.1400004,4.1099997
Metcash,258,2021-11-26,4.0900002,4.1199999,4.1000004
Metcash,258,2021-11-29,4.0699997,4.1400004,4.1000004
Metcash,258,2021-11-30,4.0500002,4.1099997,4.0699997
Metcash,258,2021-12-01,3.9899998,4.04,4.0100003
Metcash,258,2021-12-02,3.8999997,3.9600001,3.9200001
Metcash,258,2021-12-03,3.8900004,4.04,3.9499999
Metcash,258,2021-12-06,4.2200003,4.2799998,4.2399998
Metcash,258,2021-12-07,4.3000002,4.33,4.3199997
Metcash,258,2021-12-08,4.3500004,4.5,4.4700003
Metcash,258,2021-12-09,4.3999997,4.4600001,4.4300004
Metcash,258,2021-12-10,4.4700003,4.5200005,4.5
Metcash,258,2021-12-13,4.4799996,4.54,4.5
Metcash,258,2021-12-14,4.5,4.58,4.5299998
Metcash,258,2021-12-15,4.4499999,4.5299998,4.4799996
Metcash,258,2021-12-16,4.5299998,4.5600005,4.54
Woolworths,27916,2019-11-21,38.25,38.699997,38.539994
Woolworths,27916,2019-11-22,39,39.300004,39.080002
Woolworths,27916,2019-11-25,39.009995,39.070008,39.020005
Woolworths,27916,2019-11-26,39.14,39.39,39.179993
Woolworths,27916,2019-11-27,39.529999,39.75,39.679993
Woolworths,27916,2019-11-28,39.600007,39.690003,39.649994
Woolworths,27916,2019-11-29,39.699997,39.89,39.759995
Woolworths,27916,2019-12-02,39.699997,39.850007,39.770005
Woolworths,27916,2019-12-03,38.399994,38.899994,38.429993
Woolworths,27916,2019-12-04,37.550004,37.850007,37.720002
Woolworths,27916,2019-12-05,37.899994,38.100007,38.020005
Woolworths,27916,2019-12-06,38.309998,38.380005,38.360001
Woolworths,27916,2019-12-09,38.25,38.39,38.279999
Woolworths,27916,2019-12-10,38.029999,38.300004,38.25
Woolworths,27916,2019-12-11,38.399994,38.600007,38.429993
Woolworths,27916,2019-12-12,37.910004,38.149994,37.970002
Woolworths,27916,2019-12-13,37.399994,37.449997,37.419999
Woolworths,27916,2019-12-16,37.600007,37.740006,37.630005
Woolworths,27916,2019-12-17,37.529999,37.800004,37.539994
Woolworths,27916,2019-12-18,37.630005,37.899994,37.880005
Woolworths,27916,2019-12-19,37.75,37.860001,37.839997
Woolworths,27916,2019-12-20,37.199997,37.320008,37.240006
Woolworths,27916,2019-12-23,37.520005,37.600007,37.559998
Woolworths,27916,2019-12-24,37.210007,37.539994,37.369996
Woolworths,27916,2019-12-27,37.190003,37.470002,37.410004
Woolworths,27916,2019-12-30,37.419999,37.529999,37.440003
Woolworths,27916,2019-12-31,36.149994,36.339997,36.160004
Woolworths,27916,2020-01-02,36.100007,36.5,36.279999
Woolworths,27916,2020-01-03,36.279999,36.5,36.350007
Woolworths,27916,2020-01-06,36.309998,36.350007,36.309998
Woolworths,27916,2020-01-07,36.800004,37.100007,36.940003
Woolworths,27916,2020-01-08,37.149994,37.320008,37.25
Woolworths,27916,2020-01-09,37.199997,37.429993,37.220002
Woolworths,27916,2020-01-10,37.720002,37.929993,37.820008
Woolworths,27916,2020-01-13,37.309998,37.699997,37.429993
Woolworths,27916,2020-01-14,38.199997,38.380005,38.380005
Woolworths,27916,2020-01-15,38.259995,38.350007,38.309998
Woolworths,27916,2020-01-16,38.669999,38.720002,38.679993
Woolworths,27916,2020-01-17,38.839997,39.149994,39.039994
Woolworths,27916,2020-01-20,39.039994,39.270005,39.240006
Woolworths,27916,2020-01-21,39.970002,40.039994,40.009995
Woolworths,27916,2020-01-22,41.259995,41.449997,41.320008
Woolworths,27916,2020-01-23,40.830002,41.100007,40.940003
Woolworths,27916,2020-01-24,40.800004,41.080002,40.839997
Woolworths,27916,2020-01-28,41,41.160004,41.149994
Woolworths,27916,2020-01-29,41.149994,41.210007,41.190003
Woolworths,27916,2020-01-30,41.350007,41.550004,41.440003
Woolworths,27916,2020-01-31,41.75,41.880005,41.839997
Woolworths,27916,2020-02-03,41.800004,41.970002,41.820008
Woolworths,27916,2020-02-04,42.179993,42.449997,42.380005
Woolworths,27916,2020-02-05,42.199997,42.5,42.220002
Woolworths,27916,2020-02-06,42.5,42.679993,42.550004
Woolworths,27916,2020-02-07,42.509995,42.75,42.720002
Woolworths,27916,2020-02-10,43,43.179993,43.110001
Woolworths,27916,2020-02-11,43,43.25,43.199997
Woolworths,27916,2020-02-12,43.009995,43.149994,43.050004
Woolworths,27916,2020-02-13,42.649994,43,42.880005
Woolworths,27916,2020-02-14,43.100007,43.300004,43.14
Woolworths,27916,2020-02-17,43.259995,43.300004,43.270005
Woolworths,27916,2020-02-18,43.369996,43.529999,43.520005
Woolworths,27916,2020-02-19,43.429993,43.600007,43.529999
Woolworths,27916,2020-02-20,43.479996,43.779999,43.600007
Woolworths,27916,2020-02-21,43.199997,43.600007,43.449997
Woolworths,27916,2020-02-24,42.5,42.720002,42.649994
Woolworths,27916,2020-02-25,41.669999,42,41.850007
Woolworths,27916,2020-02-26,40.479996,40.899994,40.729996
Woolworths,27916,2020-02-27,40.100007,40.259995,40.220002
Woolworths,27916,2020-02-28,38.75,38.850007,38.800004
Woolworths,27916,2020-03-02,38.600007,38.699997,38.630005
Woolworths,27916,2020-03-03,37.940003,38.089997,38
Woolworths,27916,2020-03-04,37.029999,37.130005,37.039994
Woolworths,27916,2020-03-05,37.64,37.740006,37.729996
Woolworths,27916,2020-03-06,37.990006,38.270005,38
Woolworths,27916,2020-03-09,37.169999,37.699997,37.470002
Woolworths,27916,2020-03-10,37.300004,37.350007,37.339997
Woolworths,27916,2020-03-11,36.020005,36.25,36.050004
Woolworths,27916,2020-03-12,34.550004,35.300004,34.710007
Woolworths,27916,2020-03-13,37,37.289994,37.050004
Woolworths,27916,2020-03-16,36.300004,37.399994,36.320008
Woolworths,27916,2020-03-17,39.75,40.149994,39.850007
Woolworths,27916,2020-03-18,38.720002,39.699997,39.600007
Woolworths,27916,2020-03-19,39,39.910004,39.899994
Woolworths,27916,2020-03-20,37.399994,37.5,37.470002
Woolworths,27916,2020-03-23,36.199997,36.5,36.449997
Woolworths,27916,2020-03-24,35.330002,36.199997,36.179993
Woolworths,27916,2020-03-25,35.490006,36.440003,36.419999
Woolworths,27916,2020-03-26,36.440003,37.050004,36.729996
Woolworths,27916,2020-03-27,34.759995,35.600007,34.800004
Woolworths,27916,2020-03-30,38,38.160004,38.14
Woolworths,27916,2020-03-31,35.100007,35.199997,35.100007
Woolworths,27916,2020-04-01,36,36.059998,36.009995
Woolworths,27916,2020-04-02,35.75,35.899994,35.770005
Woolworths,27916,2020-04-03,35.5,35.779999,35.5
Woolworths,27916,2020-04-06,37.130005,37.449997,37.149994
Woolworths,27916,2020-04-07,36.050004,36.160004,36.100007
Woolworths,27916,2020-04-08,34.960007,35.339997,34.979996
Woolworths,27916,2020-04-09,35,35.169999,35.100007
Woolworths,27916,2020-04-14,36.119996,36.179993,36.14
Woolworths,27916,2020-04-15,36.149994,36.350007,36.210007
Woolworths,27916,2020-04-16,37.149994,37.25,37.240006
Woolworths,27916,2020-04-17,37.330002,37.550004,37.399994
Woolworths,27916,2020-04-20,37.100007,37.199997,37.119996
Woolworths,27916,2020-04-21,36,36.5,36.009995
Woolworths,27916,2020-04-22,36.25,36.449997,36.289994
Woolworths,27916,2020-04-23,36,36.149994,36.130005
Woolworths,27916,2020-04-24,35.800004,35.89,35.89
Woolworths,27916,2020-04-27,36.509995,36.770005,36.679993
Woolworths,27916,2020-04-28,36.649994,36.949997,36.800004
Woolworths,27916,2020-04-29,35.990006,36.050004,36.029999
Woolworths,27916,2020-04-30,35.740006,35.869996,35.75
Woolworths,27916,2020-05-01,34.440003,34.729996,34.449997
Woolworths,27916,2020-05-04,35.25,35.259995,35.25
Woolworths,27916,2020-05-05,35.300004,35.39,35.309998
Woolworths,27916,2020-05-06,35.100007,35.190003,35.119996
Woolworths,27916,2020-05-07,34.800004,34.979996,34.910004
Woolworths,27916,2020-05-08,34.679993,34.740006,34.699997
Woolworths,27916,2020-05-11,34.720002,34.839997,34.740006
Woolworths,27916,2020-05-12,35,35.039994,35.020005
Woolworths,27916,2020-05-13,35,35.059998,35.039994
Woolworths,27916,2020-05-14,35,35.199997,35.020005
Woolworths,27916,2020-05-15,34.960007,35.179993,35.160004
Woolworths,27916,2020-05-18,35.179993,35.350007,35.259995
Woolworths,27916,2020-05-19,34.929993,35.089997,35
Woolworths,27916,2020-05-20,34.679993,34.75,34.690003
Woolworths,27916,2020-05-21,34.470002,34.610001,34.490006
Woolworths,27916,2020-05-22,34.039994,34.220002,34.160004
Woolworths,27916,2020-05-25,34.5,34.580002,34.550004
Woolworths,27916,2020-05-26,35.229996,35.350007,35.339997
Woolworths,27916,2020-05-27,34.619996,34.729996,34.720002
Woolworths,27916,2020-05-28,34.699997,34.809998,34.779999
Woolworths,27916,2020-05-29,35.25,35.429993,35.339997
Woolworths,27916,2020-06-01,35.100007,35.300004,35.279999
Woolworths,27916,2020-06-02,35.399994,35.679993,35.550004
Woolworths,27916,2020-06-03,35.949997,36.100007,36.080002
Woolworths,27916,2020-06-04,36.25,36.75,36.600007
Woolworths,27916,2020-06-05,37.020005,37.089997,37.059998
Woolworths,27916,2020-06-09,37.899994,38.070008,37.940003
Woolworths,27916,2020-06-10,37.600007,37.800004,37.770005
Woolworths,27916,2020-06-11,36.699997,36.929993,36.809998
Woolworths,27916,2020-06-12,36.600007,36.899994,36.669999
Woolworths,27916,2020-06-15,35.839997,35.990006,35.850007
Woolworths,27916,2020-06-16,36.270005,36.39,36.279999
Woolworths,27916,2020-06-17,36.850007,37,36.949997
Woolworths,27916,2020-06-18,36.5,36.589997,36.580002
Woolworths,27916,2020-06-19,36.5,36.960007,36.550004
Woolworths,27916,2020-06-22,36.600007,36.75,36.660004
Woolworths,27916,2020-06-23,36.279999,36.699997,36.380005
Woolworths,27916,2020-06-24,36.050004,36.199997,36.119996
Woolworths,27916,2020-06-25,36.050004,36.169999,36.059998
Woolworths,27916,2020-06-26,36.300004,36.600007,36.39
Woolworths,27916,2020-06-29,36.160004,36.39,36.369996
Woolworths,27916,2020-06-30,37.100007,37.300004,37.279999
Woolworths,27916,2020-07-01,36.699997,37,36.899994
Woolworths,27916,2020-07-02,36.949997,37.199997,37.179993
Woolworths,27916,2020-07-03,37.300004,37.800004,37.770005
Woolworths,27916,2020-07-06,37.580002,37.800004,37.580002
Woolworths,27916,2020-07-07,37.5,37.990006,37.839997
Woolworths,27916,2020-07-08,38.149994,38.300004,38.220002
Woolworths,27916,2020-07-09,38.199997,38.380005,38.210007
Woolworths,27916,2020-07-10,38,38.529999,38.509995
Woolworths,27916,2020-07-13,38.350007,38.550004,38.490006
Woolworths,27916,2020-07-14,38.309998,38.5,38.410004
Woolworths,27916,2020-07-15,38.820008,38.979996,38.910004
Woolworths,27916,2020-07-16,38.619996,38.850007,38.800004
Woolworths,27916,2020-07-17,38.740006,38.899994,38.860001
Woolworths,27916,2020-07-20,38.669999,39,38.89
Woolworths,27916,2020-07-21,39.190003,39.25,39.229996
Woolworths,27916,2020-07-22,38.490006,38.679993,38.649994
Woolworths,27916,2020-07-23,38.339997,38.479996,38.449997
Woolworths,27916,2020-07-24,38.380005,38.679993,38.630005
Woolworths,27916,2020-07-27,38.899994,39.070008,38.990006
Woolworths,27916,2020-07-28,38.699997,39.179993,38.789994
Woolworths,27916,2020-07-29,38.75,39.179993,38.839997
Woolworths,27916,2020-07-30,38.800004,39.350007,39.320008
Woolworths,27916,2020-07-31,38.440003,39,38.679993
Woolworths,27916,2020-08-03,38.699997,39.14,39.039994
Woolworths,27916,2020-08-04,39.800004,39.990006,39.919999
Woolworths,27916,2020-08-05,39.169999,39.300004,39.25
Woolworths,27916,2020-08-06,39.009995,39.25,39.160004
Woolworths,27916,2020-08-07,38.800004,39.089997,38.940003
Woolworths,27916,2020-08-10,40.009995,40.220002,40.039994
Woolworths,27916,2020-08-11,40.059998,40.190003,40.130005
Woolworths,27916,2020-08-12,40.25,40.410004,40.380005
Woolworths,27916,2020-08-13,40.100007,40.399994,40.39
Woolworths,27916,2020-08-14,40.240006,40.279999,40.270005
Woolworths,27916,2020-08-17,39.619996,40.050004,39.860001
Woolworths,27916,2020-08-18,39.949997,40.25,40.199997
Woolworths,27916,2020-08-19,40.440003,40.699997,40.580002
Woolworths,27916,2020-08-20,39.949997,40.199997,40.14
Woolworths,27916,2020-08-21,39.5,39.800004,39.580002
Woolworths,27916,2020-08-24,39.679993,39.899994,39.789994
Woolworths,27916,2020-08-25,39.350007,39.809998,39.440003
Woolworths,27916,2020-08-26,39.199997,39.449997,39.270005
Woolworths,27916,2020-08-27,40.210007,40.470002,40.380005
Woolworths,27916,2020-08-28,39.690003,39.940003,39.770005
Woolworths,27916,2020-08-31,39.75,39.880005,39.869996
Woolworths,27916,2020-09-01,38.160004,38.550004,38.210007
Woolworths,27916,2020-09-02,39.100007,39.399994,39.220002
Woolworths,27916,2020-09-03,39.479996,39.789994,39.570008
Woolworths,27916,2020-09-04,38,38.199997,38.009995
Woolworths,27916,2020-09-07,37.399994,37.550004,37.509995
Woolworths,27916,2020-09-08,37.179993,37.419999,37.369996
Woolworths,27916,2020-09-09,36.75,37,36.809998
Woolworths,27916,2020-09-10,36.800004,37,36.850007
Woolworths,27916,2020-09-11,36.600007,36.880005,36.710007
Woolworths,27916,2020-09-14,36.460007,36.600007,36.490006
Woolworths,27916,2020-09-15,36.300004,36.39,36.339997
Woolworths,27916,2020-09-16,36.699997,36.800004,36.740006
Woolworths,27916,2020-09-17,36.399994,36.580002,36.479996
Woolworths,27916,2020-09-18,36.029999,36.39,36.050004
Woolworths,27916,2020-09-21,36.160004,36.380005,36.210007
Woolworths,27916,2020-09-22,36.759995,36.899994,36.850007
Woolworths,27916,2020-09-23,38.100007,38.5,38.25
Woolworths,27916,2020-09-24,37.809998,38.080002,37.880005
Woolworths,27916,2020-09-25,37.630005,37.880005,37.800004
Woolworths,27916,2020-09-28,37.5,37.699997,37.520005
Woolworths,27916,2020-09-29,37.149994,37.339997,37.320008
Woolworths,27916,2020-09-30,36.410004,36.5,36.429993
Woolworths,27916,2020-10-01,36.419999,36.960007,36.460007
Woolworths,27916,2020-10-02,36.479996,36.550004,36.490006
Woolworths,27916,2020-10-05,37,37.149994,37.130005
Woolworths,27916,2020-10-06,36.960007,37.039994,37.029999
Woolworths,27916,2020-10-07,37.649994,37.800004,37.770005
Woolworths,27916,2020-10-08,37.800004,37.979996,37.919999
Woolworths,27916,2020-10-09,37.699997,37.899994,37.759995
Woolworths,27916,2020-10-12,37.800004,37.990006,37.940003
Woolworths,27916,2020-10-13,38.440003,38.630005,38.5
Woolworths,27916,2020-10-14,38.809998,39.100007,38.830002
Woolworths,27916,2020-10-15,39,39.229996,39.199997
Woolworths,27916,2020-10-16,39.050004,39.300004,39.199997
Woolworths,27916,2020-10-19,39.39,39.600007,39.399994
Woolworths,27916,2020-10-20,39,39.5,39.14
Woolworths,27916,2020-10-21,38.570008,38.75,38.619996
Woolworths,27916,2020-10-22,38.5,38.75,38.720002
Woolworths,27916,2020-10-23,38.699997,38.899994,38.820008
Woolworths,27916,2020-10-26,38.809998,39,38.839997
Woolworths,27916,2020-10-27,38.350007,38.39,38.360001
Woolworths,27916,2020-10-28,38.949997,39.309998,39.070008
Woolworths,27916,2020-10-29,38.699997,39,38.800004
Woolworths,27916,2020-10-30,38.149994,38.720002,38.160004
Woolworths,27916,2020-11-02,38.5,38.779999,38.529999
Woolworths,27916,2020-11-03,38.550004,38.850007,38.809998
Woolworths,27916,2020-11-04,38.350007,38.949997,38.550004
Woolworths,27916,2020-11-05,39.100007,39.199997,39.149994
Woolworths,27916,2020-11-06,38.830002,39.089997,38.960007
Woolworths,27916,2020-11-09,39.300004,39.5,39.440003
Woolworths,27916,2020-11-10,37.600007,37.649994,37.64
Woolworths,27916,2020-11-11,38.050004,38.399994,38.25
Woolworths,27916,2020-11-12,38.199997,38.399994,38.25
Woolworths,27916,2020-11-13,38.050004,38.160004,38.059998
Woolworths,27916,2020-11-16,38.300004,38.5,38.479996
Woolworths,27916,2020-11-17,38.199997,38.300004,38.240006
Woolworths,27916,2020-11-18,38.339997,38.5,38.479996
Woolworths,27916,2020-11-19,38.110001,38.300004,38.169999
Woolworths,27916,2020-11-20,38.059998,38.270005,38.070008
Woolworths,27916,2020-11-23,37.839997,38.100007,37.869996
Woolworths,27916,2020-11-24,37.850007,38,37.899994
Woolworths,27916,2020-11-25,37.820008,37.970002,37.899994
Woolworths,27916,2020-11-26,37.759995,37.949997,37.759995
Woolworths,27916,2020-11-27,37.550004,37.669999,37.559998
Woolworths,27916,2020-11-30,36.970002,37.449997,36.979996
Woolworths,27916,2020-12-01,37.619996,37.850007,37.649994
Woolworths,27916,2020-12-02,37.699997,37.919999,37.839997
Woolworths,27916,2020-12-03,37.759995,37.860001,37.839997
Woolworths,27916,2020-12-04,37.679993,37.970002,37.720002
Woolworths,27916,2020-12-07,38.399994,38.490006,38.449997
Woolworths,27916,2020-12-08,39.25,39.570008,39.460007
Woolworths,27916,2020-12-09,39.649994,39.800004,39.789994
Woolworths,27916,2020-12-10,39.5,39.520005,39.509995
Woolworths,27916,2020-12-11,38.899994,38.979996,38.910004
Woolworths,27916,2020-12-14,39.149994,39.410004,39.169999
Woolworths,27916,2020-12-15,39,39.130005,39.070008
Woolworths,27916,2020-12-16,39.25,39.440003,39.39
Woolworths,27916,2020-12-17,39.399994,39.699997,39.460007
Woolworths,27916,2020-12-18,39.929993,40,39.990006
Woolworths,27916,2020-12-21,39.75,39.899994,39.869996
Woolworths,27916,2020-12-22,39.110001,39.559998,39.399994
Woolworths,27916,2020-12-23,39.740006,39.880005,39.789994
Woolworths,27916,2020-12-24,39.759995,40,39.869996
Woolworths,27916,2020-12-29,39.649994,40,39.720002
Woolworths,27916,2020-12-30,39.649994,39.949997,39.89
Woolworths,27916,2020-12-31,39.300004,39.5,39.309998
Woolworths,27916,2021-01-04,39.809998,40.029999,40.009995
Woolworths,27916,2021-01-05,39.699997,40.199997,40.169999
Woolworths,27916,2021-01-06,39.619996,39.699997,39.649994
Woolworths,27916,2021-01-07,40,40.300004,40.199997
Woolworths,27916,2021-01-08,40.350007,40.550004,40.539994
Woolworths,27916,2021-01-11,39.759995,40.199997,39.910004
Woolworths,27916,2021-01-12,39.75,40,39.899994
Woolworths,27916,2021-01-13,39.300004,39.399994,39.309998
Woolworths,27916,2021-01-14,39.550004,39.850007,39.699997
Woolworths,27916,2021-01-15,39.5,39.630005,39.529999
Woolworths,27916,2021-01-18,39.300004,39.529999,39.309998
Woolworths,27916,2021-01-19,39.440003,39.559998,39.529999
Woolworths,27916,2021-01-20,39.449997,39.679993,39.509995
Woolworths,27916,2021-01-21,40.169999,40.320008,40.309998
Woolworths,27916,2021-01-22,40.600007,40.809998,40.759995
Woolworths,27916,2021-01-25,41.199997,41.25,41.210007
Woolworths,27916,2021-01-27,41.5,42,41.869996
Woolworths,27916,2021-01-28,40.860001,41.100007,41
Woolworths,27916,2021-01-29,40.789994,40.970002,40.860001
Woolworths,27916,2021-02-01,40.600007,41.279999,41.050004
Woolworths,27916,2021-02-02,40.850007,41,41
Woolworths,27916,2021-02-03,41.149994,41.300004,41.229996
Woolworths,27916,2021-02-04,40.949997,41,40.990006
Woolworths,27916,2021-02-05,41.179993,41.25,41.199997
Woolworths,27916,2021-02-08,41.550004,41.75,41.649994
Woolworths,27916,2021-02-09,41.009995,41.179993,41.020005
Woolworths,27916,2021-02-10,41.399994,41.559998,41.529999
Woolworths,27916,2021-02-11,41.089997,41.25,41.149994
Woolworths,27916,2021-02-12,41.100007,41.289994,41.100007
Woolworths,27916,2021-02-15,41.300004,41.360001,41.330002
Woolworths,27916,2021-02-16,41.130005,41.419999,41.320008
Woolworths,27916,2021-02-17,39.399994,39.5,39.410004
Woolworths,27916,2021-02-18,39.110001,39.600007,39.199997
Woolworths,27916,2021-02-19,39.419999,39.690003,39.520005
Woolworths,27916,2021-02-22,39.100007,39.199997,39.119996
Woolworths,27916,2021-02-23,39.050004,39.289994,39.089997
Woolworths,27916,2021-02-24,39.479996,39.699997,39.5
Woolworths,27916,2021-02-25,40.059998,40.100007,40.080002
Woolworths,27916,2021-02-26,39.380005,39.949997,39.399994
Woolworths,27916,2021-03-01,40.25,40.419999,40.289994
Woolworths,27916,2021-03-02,40.429993,40.559998,40.5
Woolworths,27916,2021-03-03,39.820008,40,39.820008
Woolworths,27916,2021-03-04,38.699997,38.880005,38.770005
Woolworths,27916,2021-03-05,38.699997,39,38.949997
Woolworths,27916,2021-03-08,39.149994,39.679993,39.160004
Woolworths,27916,2021-03-09,39.199997,39.39,39.220002
Woolworths,27916,2021-03-10,38.880005,39.080002,38.899994
Woolworths,27916,2021-03-11,38.729996,39,38.789994
Woolworths,27916,2021-03-12,39.050004,39.119996,39.089997
Woolworths,27916,2021-03-15,39.039994,39.360001,39.300004
Woolworths,27916,2021-03-16,39.649994,39.809998,39.690003
Woolworths,27916,2021-03-17,39.320008,39.440003,39.350007
Woolworths,27916,2021-03-18,38.710007,38.979996,38.75
Woolworths,27916,2021-03-19,38.809998,39.100007,38.899994
Woolworths,27916,2021-03-22,39.580002,39.880005,39.669999
Woolworths,27916,2021-03-23,39.649994,39.919999,39.699997
Woolworths,27916,2021-03-24,40.320008,40.410004,40.330002
Woolworths,27916,2021-03-25,40.199997,40.5,40.429993
Woolworths,27916,2021-03-26,40.449997,40.64,40.539994
Woolworths,27916,2021-03-29,40.279999,40.5,40.440003
Woolworths,27916,2021-03-30,40.220002,40.5,40.25
Woolworths,27916,2021-03-31,40.800004,41.039994,40.869996
Woolworths,27916,2021-04-01,40.800004,40.919999,40.919999
Woolworths,27916,2021-04-06,41,41.100007,41.009995
Woolworths,27916,2021-04-07,41.300004,41.5,41.339997
Woolworths,27916,2021-04-08,41.699997,41.899994,41.759995
Woolworths,27916,2021-04-09,41.100007,41.309998,41.229996
Woolworths,27916,2021-04-12,41,41.320008,41.039994
Woolworths,27916,2021-04-13,41.199997,41.449997,41.39
Woolworths,27916,2021-04-14,41.490006,41.600007,41.5
Woolworths,27916,2021-04-15,41.990006,42.100007,42.009995
Woolworths,27916,2021-04-16,42.020005,42.149994,42.039994
Woolworths,27916,2021-04-19,42,42.199997,42.009995
Woolworths,27916,2021-04-20,41.550004,41.919999,41.630005
Woolworths,27916,2021-04-21,41.720002,41.779999,41.740006
Woolworths,27916,2021-04-22,42,42.399994,42.369996
Woolworths,27916,2021-04-23,42.119996,42.350007,42.240006
Woolworths,27916,2021-04-26,41.509995,41.949997,41.880005
Woolworths,27916,2021-04-27,41.600007,41.759995,41.679993
Woolworths,27916,2021-04-28,41.279999,41.5,41.410004
Woolworths,27916,2021-04-29,39.770005,39.850007,39.809998
Woolworths,27916,2021-04-30,39.279999,39.39,39.300004
Woolworths,27916,2021-05-03,38.979996,39.089997,39
Woolworths,27916,2021-05-04,39.210007,39.330002,39.240006
Woolworths,27916,2021-05-05,39.350007,39.5,39.360001
Woolworths,27916,2021-05-06,39.199997,39.490006,39.259995
Woolworths,27916,2021-05-07,39.399994,39.5,39.419999
Woolworths,27916,2021-05-10,40.449997,40.550004,40.5
Woolworths,27916,2021-05-11,40.869996,41.050004,40.940003
Woolworths,27916,2021-05-12,40.479996,40.600007,40.5
Woolworths,27916,2021-05-13,40.199997,40.320008,40.289994
Woolworths,27916,2021-05-14,40.559998,40.800004,40.580002
Woolworths,27916,2021-05-17,40.440003,40.600007,40.449997
Woolworths,27916,2021-05-18,40.649994,40.860001,40.690003
Woolworths,27916,2021-05-19,40.309998,40.600007,40.410004
Woolworths,27916,2021-05-20,40.649994,40.770005,40.679993
Woolworths,27916,2021-05-21,41.429993,41.600007,41.479996
Woolworths,27916,2021-05-24,41.509995,41.699997,41.600007
Woolworths,27916,2021-05-25,41.850007,41.949997,41.899994
Woolworths,27916,2021-05-26,41.779999,41.899994,41.789994
Woolworths,27916,2021-05-27,41.600007,41.899994,41.669999
Woolworths,27916,2021-05-28,41.899994,41.970002,41.910004
Woolworths,27916,2021-05-31,41.600007,41.649994,41.619996
Woolworths,27916,2021-06-01,41.740006,41.960007,41.759995
Woolworths,27916,2021-06-02,42.25,42.300004,42.300004
Woolworths,27916,2021-06-03,42.860001,42.979996,42.919999
Woolworths,27916,2021-06-04,43.330002,43.399994,43.350007
Woolworths,27916,2021-06-07,43.479996,43.600007,43.539994
Woolworths,27916,2021-06-08,43.380005,43.550004,43.449997
Woolworths,27916,2021-06-09,42.619996,42.649994,42.630005
Woolworths,27916,2021-06-10,42.919999,43,42.960007
Woolworths,27916,2021-06-11,42.899994,42.990006,42.910004
Woolworths,27916,2021-06-15,43.5,43.600007,43.5
Woolworths,27916,2021-06-16,43.669999,43.710007,43.699997
Woolworths,27916,2021-06-17,43.210007,43.5,43.350007
Woolworths,27916,2021-06-18,42.660004,42.880005,42.669999
Woolworths,27916,2021-06-21,42.940003,43.100007,43.020005
Woolworths,27916,2021-06-22,43.300004,43.399994,43.350007
Woolworths,27916,2021-06-23,42.490006,42.75,42.509995
Woolworths,27916,2021-06-24,37.75,37.779999,37.75
Woolworths,27916,2021-06-25,36.770005,36.899994,36.779999
Woolworths,27916,2021-06-28,37.839997,37.850007,37.850007
Woolworths,27916,2021-06-29,37.949997,38,38
Woolworths,27916,2021-06-30,38.130005,38.259995,38.130005
Woolworths,27916,2021-07-01,37.479996,37.630005,37.509995
Woolworths,27916,2021-07-02,37.520005,37.630005,37.589997
Woolworths,27916,2021-07-05,37.550004,37.600007,37.600007
Woolworths,27916,2021-07-06,37.160004,37.199997,37.169999
Woolworths,27916,2021-07-07,37.699997,37.899994,37.89
Woolworths,27916,2021-07-08,38.5,38.580002,38.550004
Woolworths,27916,2021-07-09,38,38.100007,38.070008
Woolworths,27916,2021-07-12,37.929993,38.149994,38.009995
Woolworths,27916,2021-07-13,38.130005,38.300004,38.210007
Woolworths,27916,2021-07-14,38.5,38.600007,38.520005
Woolworths,27916,2021-07-15,38.199997,38.339997,38.330002
Woolworths,27916,2021-07-16,38.169999,38.25,38.240006
Woolworths,27916,2021-07-19,38.149994,38.449997,38.330002
Woolworths,27916,2021-07-20,38.399994,38.570008,38.5
Woolworths,27916,2021-07-21,38.910004,38.990006,38.929993
Woolworths,27916,2021-07-22,39,39.220002,39.169999
Woolworths,27916,2021-07-23,39.449997,39.539994,39.520005
Woolworths,27916,2021-07-26,39.279999,39.5,39.320008
Woolworths,27916,2021-07-27,39.25,39.360001,39.289994
Woolworths,27916,2021-07-28,38.949997,39.199997,38.990006
Woolworths,27916,2021-07-29,38.75,38.949997,38.789994
Woolworths,27916,2021-07-30,38.679993,38.779999,38.759995
Woolworths,27916,2021-08-02,39.199997,39.300004,39.259995
Woolworths,27916,2021-08-03,39.009995,39.179993,39.179993
Woolworths,27916,2021-08-04,39.220002,39.490006,39.470002
Woolworths,27916,2021-08-05,39.509995,39.850007,39.789994
Woolworths,27916,2021-08-06,40.039994,40.059998,40.050004
Woolworths,27916,2021-08-09,39.949997,40.070008,40.020005
Woolworths,27916,2021-08-10,40,40.149994,40.100007
Woolworths,27916,2021-08-11,40.149994,40.25,40.220002
Woolworths,27916,2021-08-12,40.5,40.699997,40.630005
Woolworths,27916,2021-08-13,40.710007,40.850007,40.779999
Woolworths,27916,2021-08-16,41,41.130005,41.020005
Woolworths,27916,2021-08-17,41.119996,41.399994,41.190003
Woolworths,27916,2021-08-18,41.300004,41.550004,41.5
Woolworths,27916,2021-08-19,41.199997,41.600007,41.5
Woolworths,27916,2021-08-20,41.809998,42.300004,41.990006
Woolworths,27916,2021-08-23,41.800004,41.919999,41.839997
Woolworths,27916,2021-08-24,41.330002,41.5,41.380005
Woolworths,27916,2021-08-25,40.729996,40.860001,40.820008
Woolworths,27916,2021-08-26,40.970002,41.300004,40.990006
Woolworths,27916,2021-08-27,40.89,40.960007,40.960007
Woolworths,27916,2021-08-30,41.350007,41.479996,41.440003
Woolworths,27916,2021-08-31,41.720002,41.910004,41.75
Woolworths,27916,2021-09-01,41.089997,41.300004,41.100007
Woolworths,27916,2021-09-02,40.440003,40.600007,40.470002
Woolworths,27916,2021-09-03,40.699997,40.800004,40.720002
Woolworths,27916,2021-09-06,40.600007,40.75,40.729996
Woolworths,27916,2021-09-07,40.449997,40.660004,40.539994
Woolworths,27916,2021-09-08,39.949997,40,40
Woolworths,27916,2021-09-09,39.75,39.809998,39.800004
Woolworths,27916,2021-09-10,39.600007,39.699997,39.660004
Woolworths,27916,2021-09-13,39.669999,39.699997,39.669999
Woolworths,27916,2021-09-14,39.279999,39.369996,39.309998
Woolworths,27916,2021-09-15,39.289994,39.580002,39.350007
Woolworths,27916,2021-09-16,39.550004,39.64,39.580002
Woolworths,27916,2021-09-17,39.199997,39.399994,39.39
Woolworths,27916,2021-09-20,39.199997,39.320008,39.210007
Woolworths,27916,2021-09-21,39.279999,39.5,39.360001
Woolworths,27916,2021-09-22,39.149994,39.399994,39.25
Woolworths,27916,2021-09-23,39.050004,39.130005,39.059998
Woolworths,27916,2021-09-24,39.199997,39.39,39.289994
Woolworths,27916,2021-09-27,39.050004,39.25,39.059998
Woolworths,27916,2021-09-28,38.300004,38.5,38.300004
Woolworths,27916,2021-09-29,38.199997,38.39,38.279999
Woolworths,27916,2021-09-30,39.199997,39.369996,39.350007
Woolworths,27916,2021-10-01,38.550004,38.75,38.699997
Woolworths,27916,2021-10-04,38.839997,38.89,38.869996
Woolworths,27916,2021-10-05,39.25,39.419999,39.300004
Woolworths,27916,2021-10-06,39.089997,39.179993,39.110001
Woolworths,27916,2021-10-07,39.649994,39.75,39.699997
Woolworths,27916,2021-10-08,39.899994,40.009995,39.949997
Woolworths,27916,2021-10-11,40.160004,40.199997,40.199997
Woolworths,27916,2021-10-12,40.149994,40.320008,40.229996
Woolworths,27916,2021-10-13,40.009995,40.179993,40.080002
Woolworths,27916,2021-10-14,39.75,39.880005,39.820008
Woolworths,27916,2021-10-15,40.050004,40.320008,40.169999
Woolworths,27916,2021-10-18,40.199997,40.460007,40.419999
Woolworths,27916,2021-10-19,40.240006,40.369996,40.279999
Woolworths,27916,2021-10-20,39.990006,40.25,39.990006
Woolworths,27916,2021-10-21,39.610001,39.89,39.64
Woolworths,27916,2021-10-22,40.270005,40.309998,40.289994
Woolworths,27916,2021-10-25,40.690003,40.899994,40.789994
Woolworths,27916,2021-10-26,40.419999,40.570008,40.470002
Woolworths,27916,2021-10-27,39.149994,39.350007,39.160004
Woolworths,27916,2021-10-28,38.699997,38.789994,38.759995
Woolworths,27916,2021-10-29,38.050004,38.240006,38.080002
Woolworths,27916,2021-11-01,38.149994,38.320008,38.169999
Woolworths,27916,2021-11-02,38.5,38.720002,38.710007
Woolworths,27916,2021-11-03,38.990006,39.130005,39.039994
Woolworths,27916,2021-11-04,38.869996,39.100007,39.089997
Woolworths,27916,2021-11-05,39.399994,39.679993,39.630005
Woolworths,27916,2021-11-08,39.429993,39.520005,39.5
Woolworths,27916,2021-11-09,39.199997,39.259995,39.220002
Woolworths,27916,2021-11-10,38.899994,39.050004,39
Woolworths,27916,2021-11-11,39.169999,39.300004,39.190003
Woolworths,27916,2021-11-12,39.300004,39.559998,39.470002
Woolworths,27916,2021-11-15,39.410004,39.699997,39.669999
Woolworths,27916,2021-11-16,39.350007,39.5,39.5
Woolworths,27916,2021-11-17,39.39,39.550004,39.479996
Woolworths,27916,2021-11-18,39.899994,40.100007,39.919999
Woolworths,27916,2021-11-19,40.039994,40.300004,40.220002
Woolworths,27916,2021-11-22,40.399994,40.5,40.479996
Woolworths,27916,2021-11-23,40.690003,40.820008,40.800004
Woolworths,27916,2021-11-24,40.5,40.800004,40.789994
Woolworths,27916,2021-11-25,40.270005,40.5,40.5
Woolworths,27916,2021-11-26,40.169999,40.330002,40.309998
Woolworths,27916,2021-11-29,40.080002,40.300004,40.100007
Woolworths,27916,2021-11-30,40.199997,40.850007,40.820008
Woolworths,27916,2021-12-01,39.75,40,39.839997
Woolworths,27916,2021-12-02,39.800004,40,39.990006
Woolworths,27916,2021-12-03,39.550004,39.899994,39.589997
Woolworths,27916,2021-12-06,40.429993,40.649994,40.610001
Woolworths,27916,2021-12-07,40.399994,40.800004,40.649994
Woolworths,27916,2021-12-08,40.649994,41.14,40.809998
Woolworths,27916,2021-12-09,40.600007,40.75,40.610001
Woolworths,27916,2021-12-10,40.5,40.720002,40.660004
Woolworths,27916,2021-12-13,40.550004,40.75,40.559998
Woolworths,27916,2021-12-14,37.449997,37.490006,37.449997
Woolworths,27916,2021-12-15,37.369996,37.399994,37.399994
Woolworths,27916,2021-12-16,37.399994,37.490006,37.410004
